application_id,candidate_id,client_id,role_id,recruiter_id,application_date,status
1,265,9,11,9,2026-01-05,Interviewing
2,7,29,4,15,2024-08-10,Interviewing
3,24,1,5,21,2024-04-16,Interviewing
4,226,2,43,8,2025-03-26,Hired
5,78,9,53,20,2025-02-05,Hired
6,273,14,8,15,2025-08-22,Applied
7,23,36,4,24,2025-12-28,Offered
8,100,38,2,5,2025-12-10,Offered
9,174,46,49,12,2025-11-14,Applied
10,84,17,55,19,2024-09-18,Offered
11,193,31,49,3,2024-05-29,Rejected
12,253,24,60,22,2024-06-21,Applied
13,279,12,23,25,2025-09-28,Rejected
14,97,14,54,16,2024-11-17,Applied
15,277,49,14,5,2025-01-12,Offered
16,249,41,56,17,2025-11-29,Interviewing
17,59,28,54,2,2026-02-15,Rejected
18,265,24,22,15,2025-05-29,Offered
19,213,12,31,2,2025-03-11,Interviewing
20,154,47,21,21,2025-01-13,Rejected
21,131,48,27,4,2024-12-11,Offered
22,284,32,52,20,2024-09-11,Hired
23,63,8,46,16,2026-02-11,Interviewing
24,72,50,11,4,2024-08-31,Applied
25,45,1,51,12,2025-06-23,Applied
26,174,19,44,12,2024-05-22,Offered
27,141,40,27,21,2024-12-30,Rejected
28,123,16,1,17,2025-03-31,Rejected
29,288,43,40,25,2024-06-27,Interviewing
30,276,46,3,7,2025-12-28,Hired
31,35,37,27,16,2024-12-06,Interviewing
32,233,19,58,12,2025-12-13,Hired
33,22,26,14,17,2024-11-23,Interviewing
34,212,9,43,23,2024-10-11,Rejected
35,15,21,53,9,2025-06-19,Offered
36,271,45,47,24,2024-06-10,Offered
37,254,28,55,20,2024-08-12,Rejected
38,185,44,45,8,2024-10-03,Interviewing
39,268,15,8,23,2025-01-21,Interviewing
40,144,33,5,12,2024-10-30,Applied
41,184,46,47,7,2025-07-05,Offered
42,298,8,5,17,2024-12-05,Applied
43,213,27,25,4,2026-04-01,Interviewing
44,48,36,22,6,2026-03-29,Applied
45,259,33,43,12,2025-01-27,Hired
46,165,45,7,3,2025-07-20,Interviewing
47,177,14,39,2,2025-07-12,Applied
48,130,32,33,20,2025-07-21,Interviewing
49,8,31,50,6,2025-09-21,Rejected
50,69,9,41,16,2024-11-26,Offered
51,107,32,31,20,2025-04-19,Applied
52,279,10,6,23,2026-03-01,Rejected
53,29,2,37,15,2025-12-05,Offered
54,217,14,42,19,2025-01-07,Offered
55,143,27,36,9,2025-12-28,Applied
56,130,19,48,9,2024-11-15,Applied
57,187,22,4,4,2025-12-12,Applied
58,209,49,48,13,2026-02-24,Offered
59,134,40,30,20,2024-07-23,Hired
60,115,32,53,8,2025-04-30,Offered
61,24,21,1,24,2024-09-25,Offered
62,232,26,23,12,2025-12-06,Applied
63,256,47,33,2,2025-10-07,Offered
64,111,28,59,19,2024-05-26,Offered
65,165,33,1,20,2024-10-17,Rejected
66,177,13,58,1,2025-12-29,Applied
67,9,21,24,20,2025-10-25,Rejected
68,177,28,37,14,2025-09-27,Hired
69,116,1,19,12,2024-09-11,Offered
70,140,26,15,15,2024-12-13,Applied
71,70,7,53,11,2024-06-21,Rejected
72,250,5,39,15,2024-12-03,Applied
73,168,37,23,9,2025-06-09,Applied
74,98,47,7,16,2025-05-03,Interviewing
75,265,36,3,15,2025-12-13,Hired
76,10,9,15,23,2026-03-05,Applied
77,170,25,48,17,2025-02-14,Offered
78,240,25,32,22,2025-11-24,Applied
79,237,43,11,8,2025-04-11,Interviewing
80,24,32,20,14,2025-09-18,Applied
81,156,10,41,6,2025-04-28,Rejected
82,37,38,21,21,2025-06-27,Offered
83,139,38,7,11,2025-02-25,Offered
84,239,15,51,6,2024-07-14,Applied
85,62,12,31,20,2024-10-22,Offered
86,72,40,22,9,2025-11-25,Interviewing
87,160,16,59,7,2025-12-11,Hired
88,200,20,13,12,2024-08-06,Interviewing
89,199,20,31,16,2025-01-20,Rejected
90,113,23,1,21,2025-04-13,Interviewing
91,160,30,26,2,2025-05-07,Hired
92,17,42,5,25,2024-07-06,Hired
93,172,36,1,23,2025-09-02,Applied
94,63,27,40,2,2025-03-31,Rejected
95,190,25,8,12,2025-05-09,Offered
96,127,33,45,17,2026-02-22,Hired
97,9,37,46,15,2025-01-03,Rejected
98,283,9,39,24,2025-09-18,Hired
99,117,17,39,4,2024-08-22,Interviewing
100,132,31,7,24,2025-09-19,Rejected
101,243,49,4,6,2025-01-12,Applied
102,135,6,42,14,2026-04-01,Interviewing
103,294,46,34,19,2024-11-03,Hired
104,205,15,14,18,2024-06-29,Interviewing
105,111,5,57,19,2025-09-15,Interviewing
106,3,21,32,21,2025-01-04,Applied
107,266,31,57,13,2026-04-12,Offered
108,141,49,58,15,2025-04-12,Rejected
109,121,28,19,14,2025-09-06,Rejected
110,12,15,38,9,2025-06-09,Applied
111,101,47,37,6,2025-01-03,Applied
112,296,3,58,14,2026-01-01,Hired
113,299,33,32,16,2024-08-31,Applied
114,148,47,10,4,2024-08-04,Offered
115,206,34,15,12,2024-08-26,Interviewing
116,280,22,46,23,2024-10-04,Offered
117,13,13,25,24,2025-02-28,Rejected
118,282,18,50,20,2025-06-07,Rejected
119,143,12,30,10,2025-07-27,Hired
120,34,48,19,7,2025-02-20,Interviewing
121,24,29,5,6,2025-09-18,Hired
122,55,34,43,12,2024-08-05,Applied
123,158,39,47,4,2026-02-26,Applied
124,192,19,19,24,2024-11-08,Applied
125,194,32,36,3,2024-06-26,Interviewing
126,67,2,15,11,2024-06-16,Offered
127,134,7,42,4,2024-06-21,Interviewing
128,146,23,1,7,2024-12-04,Hired
129,256,15,27,2,2024-07-06,Rejected
130,38,17,34,23,2026-03-02,Hired
131,205,44,54,18,2025-10-21,Rejected
132,105,41,51,12,2026-03-17,Applied
133,124,39,54,10,2025-05-13,Interviewing
134,122,41,29,25,2025-10-21,Rejected
135,87,7,48,4,2025-10-14,Interviewing
136,191,21,43,18,2025-02-22,Offered
137,268,33,5,25,2024-08-15,Interviewing
138,250,13,52,14,2026-01-08,Interviewing
139,176,35,17,22,2024-11-21,Hired
140,203,16,3,10,2025-04-18,Offered
141,179,24,5,15,2025-05-20,Interviewing
142,73,19,12,3,2024-09-02,Interviewing
143,134,28,25,23,2024-11-01,Rejected
144,185,23,12,17,2026-01-07,Applied
145,247,38,21,20,2026-02-05,Offered
146,244,4,19,19,2026-03-10,Rejected
147,77,45,55,13,2025-12-05,Offered
148,79,34,58,16,2024-11-11,Applied
149,238,17,28,16,2025-02-12,Hired
150,175,4,22,9,2026-03-01,Rejected
151,188,14,35,15,2024-10-22,Applied
152,292,38,44,17,2026-04-10,Rejected
153,229,24,42,18,2025-12-07,Applied
154,39,37,54,2,2025-12-26,Rejected
155,51,31,51,3,2025-12-31,Hired
156,37,10,44,12,2025-12-19,Applied
157,58,12,27,24,2024-10-18,Rejected
158,40,40,2,2,2025-10-20,Applied
159,138,1,8,9,2025-12-20,Interviewing
160,298,23,28,10,2025-05-17,Hired
161,73,31,29,16,2025-02-01,Offered
162,111,10,29,23,2024-11-26,Offered
163,177,45,24,11,2025-06-08,Rejected
164,46,7,44,8,2024-09-24,Applied
165,202,29,50,12,2025-08-02,Hired
166,112,46,34,14,2024-12-15,Offered
167,236,33,32,2,2025-02-23,Hired
168,236,46,55,21,2025-07-19,Interviewing
169,210,1,56,15,2025-10-28,Hired
170,108,48,40,18,2025-10-12,Rejected
171,290,14,57,16,2026-02-03,Applied
172,152,12,15,18,2024-09-24,Hired
173,292,7,37,15,2026-02-18,Applied
174,291,46,44,15,2026-04-05,Interviewing
175,223,36,5,22,2026-03-17,Hired
176,78,41,28,9,2025-08-03,Hired
177,184,25,12,11,2025-07-11,Rejected
178,289,23,57,2,2025-08-12,Offered
179,238,26,57,19,2024-10-11,Offered
180,2,31,10,20,2024-07-03,Applied
181,107,17,17,15,2025-04-17,Offered
182,181,23,54,11,2024-07-24,Offered
183,213,3,36,11,2025-09-06,Offered
184,271,4,49,5,2026-03-28,Interviewing
185,101,35,57,23,2026-03-19,Hired
186,172,9,44,3,2025-10-07,Offered
187,259,22,53,18,2025-09-15,Hired
188,107,20,46,13,2025-05-03,Applied
189,195,36,3,2,2025-03-20,Hired
190,151,34,46,14,2024-11-29,Hired
191,102,25,35,13,2024-07-29,Rejected
192,256,36,17,12,2025-07-03,Hired
193,12,29,4,17,2025-03-14,Applied
194,135,43,31,21,2025-09-10,Offered
195,231,25,19,19,2024-12-06,Interviewing
196,79,26,19,6,2024-10-01,Interviewing
197,260,4,60,12,2024-11-16,Hired
198,209,41,46,4,2025-11-17,Offered
199,120,45,60,25,2026-04-03,Interviewing
200,228,20,32,8,2025-07-05,Applied
201,215,24,46,18,2024-11-22,Interviewing
202,43,33,2,13,2025-05-11,Rejected
203,133,2,6,9,2026-04-14,Applied
204,245,46,1,24,2024-10-22,Rejected
205,283,26,51,7,2024-04-20,Rejected
206,58,37,36,20,2025-01-12,Rejected
207,164,5,47,4,2025-06-22,Hired
208,257,42,5,9,2026-03-26,Offered
209,41,37,24,21,2024-06-15,Rejected
210,253,5,8,18,2026-01-28,Offered
211,240,39,56,15,2025-11-13,Applied
212,150,7,39,10,2024-10-20,Interviewing
213,18,38,3,12,2025-01-17,Hired
214,96,32,2,1,2025-10-18,Offered
215,300,6,32,22,2025-08-26,Interviewing
216,53,21,27,24,2025-01-02,Offered
217,266,23,40,25,2025-01-18,Rejected
218,165,40,13,16,2025-07-11,Rejected
219,41,5,15,1,2025-01-09,Interviewing
220,164,37,9,16,2025-07-18,Interviewing
221,231,37,33,10,2025-09-28,Rejected
222,133,3,44,2,2026-01-06,Offered
223,91,1,26,4,2024-09-11,Hired
224,130,50,10,19,2025-10-27,Applied
225,6,3,23,8,2026-03-21,Hired
226,143,21,60,8,2025-01-01,Offered
227,296,48,44,5,2025-05-10,Interviewing
228,20,33,49,15,2025-05-15,Hired
229,3,47,14,12,2025-08-11,Rejected
230,257,29,10,20,2026-04-05,Rejected
231,160,4,57,6,2025-04-09,Interviewing
232,294,43,37,14,2025-05-21,Applied
233,162,50,39,13,2024-11-06,Offered
234,23,24,23,1,2025-09-16,Rejected
235,272,27,6,9,2024-07-13,Interviewing
236,292,2,50,10,2026-03-23,Offered
237,34,29,47,24,2025-12-16,Rejected
238,258,20,4,11,2026-01-27,Interviewing
239,44,15,10,6,2024-08-15,Applied
240,17,45,24,7,2026-01-01,Offered
241,284,15,46,2,2026-02-02,Interviewing
242,121,8,21,15,2025-03-08,Interviewing
243,229,19,36,5,2025-11-02,Interviewing
244,282,1,22,4,2025-02-15,Applied
245,242,6,25,17,2024-07-21,Applied
246,209,20,22,14,2025-04-26,Rejected
247,224,47,38,17,2025-07-21,Offered
248,91,21,38,5,2024-05-23,Offered
249,284,35,17,12,2024-09-02,Interviewing
250,121,29,18,13,2024-05-12,Interviewing
251,274,17,2,18,2025-02-13,Interviewing
252,214,4,40,23,2025-06-26,Offered
253,86,35,42,20,2025-03-21,Offered
254,33,2,13,5,2025-03-14,Hired
255,219,7,30,21,2024-12-10,Applied
256,239,19,49,17,2025-07-11,Offered
257,2,50,50,16,2025-08-04,Rejected
258,3,15,11,4,2024-07-14,Rejected
259,88,47,50,8,2024-09-24,Applied
260,254,35,24,5,2024-07-06,Offered
261,140,43,41,4,2024-12-06,Applied
262,51,14,17,20,2026-04-05,Applied
263,249,22,42,8,2024-12-01,Rejected
264,39,20,15,4,2025-09-24,Offered
265,49,20,21,10,2025-01-21,Hired
266,86,41,57,20,2026-04-15,Applied
267,86,16,56,10,2025-06-20,Offered
268,298,28,21,10,2025-05-13,Applied
269,248,40,56,3,2025-01-08,Hired
270,56,37,30,8,2025-01-16,Hired
271,65,22,26,8,2025-09-16,Offered
272,152,20,38,24,2025-03-22,Interviewing
273,283,43,13,4,2025-12-03,Rejected
274,88,1,4,12,2024-09-18,Hired
275,182,34,22,7,2025-11-07,Interviewing
276,193,36,8,17,2026-03-18,Hired
277,143,13,53,9,2024-12-20,Interviewing
278,226,46,29,10,2025-06-08,Hired
279,194,18,7,12,2024-07-28,Hired
280,12,10,48,4,2024-08-06,Interviewing
281,200,19,17,24,2025-04-12,Hired
282,5,42,48,10,2025-01-22,Applied
283,42,39,6,9,2024-12-08,Interviewing
284,12,4,16,14,2025-02-06,Offered
285,72,40,49,17,2026-01-10,Hired
286,94,19,49,7,2024-06-05,Offered
287,78,7,51,2,2025-04-09,Interviewing
288,54,14,25,15,2026-01-16,Offered
289,82,47,16,24,2026-01-09,Applied
290,69,37,52,7,2025-10-20,Offered
291,158,2,60,7,2024-07-17,Applied
292,152,30,11,6,2024-06-03,Interviewing
293,97,10,16,11,2025-08-04,Applied
294,190,44,14,19,2024-05-20,Applied
295,242,4,54,23,2024-08-21,Interviewing
296,81,21,13,8,2025-08-18,Applied
297,16,32,27,25,2025-04-20,Applied
298,22,48,36,5,2024-07-16,Rejected
299,62,24,31,3,2024-07-21,Hired
300,79,34,9,6,2025-09-28,Hired
301,94,9,17,3,2026-02-27,Interviewing
302,24,44,8,12,2025-05-14,Rejected
303,47,35,16,4,2024-05-10,Offered
304,94,14,13,25,2024-06-04,Hired
305,164,46,59,14,2025-06-06,Rejected
306,25,21,38,24,2026-03-09,Applied
307,110,49,30,4,2025-11-19,Interviewing
308,262,42,36,1,2025-10-11,Interviewing
309,132,30,2,14,2024-11-29,Offered
310,283,23,43,9,2024-08-14,Applied
311,11,35,46,2,2024-06-15,Interviewing
312,206,40,21,17,2025-12-20,Offered
313,15,34,4,21,2025-02-03,Applied
314,290,31,48,21,2024-05-09,Interviewing
315,200,48,45,8,2025-03-10,Applied
316,195,9,38,22,2024-07-12,Rejected
317,36,36,43,23,2024-07-09,Offered
318,125,29,21,9,2025-05-27,Interviewing
319,219,27,21,15,2025-11-27,Offered
320,48,2,37,1,2024-12-27,Offered
321,226,42,26,15,2024-08-28,Interviewing
322,142,42,41,6,2024-05-02,Hired
323,209,46,44,2,2025-09-20,Rejected
324,39,38,23,8,2026-01-19,Hired
325,5,48,36,1,2025-09-30,Offered
326,3,39,27,9,2025-05-04,Hired
327,46,47,3,22,2025-06-01,Interviewing
328,277,38,41,24,2025-12-24,Hired
329,53,13,5,24,2025-07-06,Applied
330,257,19,17,23,2024-05-24,Interviewing
331,147,31,9,8,2024-10-09,Interviewing
332,230,37,57,5,2025-01-06,Applied
333,194,15,9,7,2025-03-10,Hired
334,37,38,38,24,2026-01-27,Offered
335,158,22,52,22,2025-06-19,Interviewing
336,85,45,11,24,2025-01-09,Interviewing
337,109,10,27,5,2024-08-24,Rejected
338,259,7,30,3,2025-01-27,Applied
339,24,7,1,14,2024-07-10,Interviewing
340,183,7,30,17,2025-01-28,Offered
341,23,20,60,10,2025-05-18,Hired
342,232,17,31,17,2025-07-05,Hired
343,156,8,56,25,2025-12-21,Rejected
344,140,6,54,16,2025-09-01,Hired
345,106,41,60,15,2024-11-15,Interviewing
346,53,44,6,19,2024-06-27,Interviewing
347,35,9,40,11,2025-06-10,Interviewing
348,183,22,19,3,2024-07-06,Applied
349,217,36,37,12,2024-10-07,Offered
350,217,30,36,1,2025-10-09,Interviewing
351,285,46,53,4,2025-07-15,Offered
352,282,10,19,7,2024-10-05,Applied
353,177,33,50,4,2025-06-19,Interviewing
354,241,7,53,1,2026-03-23,Interviewing
355,202,22,30,16,2025-12-12,Applied
356,218,47,4,10,2025-01-12,Interviewing
357,216,40,49,5,2025-09-04,Offered
358,114,43,49,13,2024-05-21,Interviewing
359,120,20,14,25,2025-08-06,Interviewing
360,152,38,3,3,2025-07-20,Offered
361,259,48,60,17,2025-04-03,Rejected
362,88,31,30,25,2025-05-22,Hired
363,207,40,36,23,2025-07-21,Hired
364,209,7,30,7,2025-04-07,Hired
365,62,6,29,10,2025-11-17,Offered
366,126,36,17,15,2024-11-05,Offered
367,253,13,59,24,2025-11-23,Hired
368,231,35,14,18,2026-01-13,Offered
369,158,47,22,17,2024-11-27,Rejected
370,204,12,27,12,2025-09-17,Offered
371,178,12,59,7,2024-05-12,Interviewing
372,29,5,30,1,2025-07-06,Offered
373,174,32,32,25,2024-10-26,Rejected
374,231,13,7,8,2024-12-24,Applied
375,28,3,45,4,2026-01-01,Applied
376,144,45,46,20,2026-01-14,Rejected
377,265,33,2,24,2025-11-28,Offered
378,119,36,39,23,2026-04-06,Interviewing
379,223,12,10,1,2024-05-15,Rejected
380,174,24,47,15,2024-08-25,Hired
381,82,11,25,12,2025-06-16,Interviewing
382,184,12,23,4,2026-01-07,Interviewing
383,237,4,1,1,2025-03-24,Offered
384,37,10,12,2,2025-07-03,Hired
385,186,47,5,4,2026-02-15,Interviewing
386,4,6,10,14,2025-03-11,Offered
387,88,27,27,15,2025-02-22,Interviewing
388,172,16,37,12,2024-12-09,Interviewing
389,293,20,7,22,2024-07-15,Interviewing
390,246,21,11,12,2025-04-22,Offered
391,76,30,46,14,2025-02-02,Hired
392,103,30,9,9,2024-04-27,Hired
393,295,49,45,18,2026-02-12,Interviewing
394,238,26,38,1,2024-09-20,Applied
395,185,10,26,5,2025-05-02,Interviewing
396,5,36,29,10,2025-08-22,Offered
397,239,43,14,24,2025-06-29,Interviewing
398,177,29,42,9,2025-02-25,Applied
399,158,18,20,23,2025-08-19,Interviewing
400,174,42,53,20,2024-05-15,Hired
401,143,38,33,14,2026-04-05,Applied
402,125,24,41,7,2024-06-29,Hired
403,208,16,32,7,2025-03-11,Hired
404,245,37,37,6,2025-05-09,Applied
405,174,5,9,24,2026-01-12,Hired
406,183,45,23,17,2026-01-15,Applied
407,159,6,41,4,2025-07-17,Hired
408,78,15,53,2,2025-06-11,Rejected
409,148,8,21,20,2025-02-18,Hired
410,208,20,56,18,2026-02-25,Rejected
411,131,11,54,8,2024-12-04,Rejected
412,2,50,40,20,2025-12-16,Interviewing
413,264,46,9,12,2025-07-02,Interviewing
414,282,47,37,3,2026-02-02,Applied
415,190,1,51,10,2025-01-10,Offered
416,287,3,15,17,2025-04-20,Interviewing
417,213,12,38,17,2024-07-18,Interviewing
418,262,19,27,7,2026-02-13,Rejected
419,259,35,58,2,2025-10-13,Offered
420,59,1,46,24,2024-09-04,Applied
421,278,44,57,9,2024-05-27,Applied
422,124,10,5,4,2026-03-15,Applied
423,252,6,1,19,2024-05-05,Offered
424,243,11,17,3,2025-05-06,Rejected
425,20,47,7,2,2024-06-08,Rejected
426,191,38,46,12,2025-07-04,Applied
427,32,29,51,20,2025-04-04,Hired
428,296,23,59,14,2026-02-15,Hired
429,251,3,37,25,2024-12-04,Rejected
430,91,46,38,4,2025-07-09,Offered
431,113,20,44,9,2025-08-17,Rejected
432,32,24,30,1,2026-03-18,Offered
433,14,6,25,7,2024-06-24,Interviewing
434,258,27,42,11,2024-07-28,Interviewing
435,74,6,58,14,2025-12-09,Applied
436,97,3,23,23,2025-07-08,Interviewing
437,109,25,10,11,2024-07-16,Interviewing
438,287,35,31,8,2024-10-18,Applied
439,63,27,39,7,2025-01-01,Applied
440,219,8,59,6,2025-02-27,Interviewing
441,97,24,30,14,2025-11-24,Rejected
442,230,36,49,15,2024-08-06,Interviewing
443,162,45,25,21,2025-01-09,Applied
444,195,21,46,24,2025-09-20,Rejected
445,39,20,24,18,2025-02-15,Rejected
446,272,5,24,1,2025-10-26,Applied
447,61,34,13,8,2026-02-02,Rejected
448,226,16,11,18,2025-04-18,Applied
449,92,13,44,4,2026-02-01,Interviewing
450,102,48,20,15,2025-07-04,Hired
451,152,44,5,22,2024-06-14,Interviewing
452,210,30,22,10,2026-03-05,Hired
453,207,41,44,2,2026-01-02,Offered
454,160,6,33,21,2025-02-21,Offered
455,32,5,40,14,2024-11-02,Interviewing
456,117,15,47,14,2025-05-14,Rejected
457,251,8,53,24,2025-12-02,Rejected
458,93,21,8,16,2024-05-20,Interviewing
459,118,24,60,13,2025-04-05,Hired
460,121,39,13,15,2024-11-12,Hired
461,71,6,29,5,2025-03-10,Hired
462,81,45,39,16,2025-06-09,Hired
463,162,26,59,7,2025-11-22,Interviewing
464,63,15,52,21,2025-11-30,Rejected
465,72,3,59,22,2025-08-07,Hired
466,245,2,52,16,2025-04-10,Applied
467,119,8,42,11,2025-04-09,Interviewing
468,255,30,20,8,2024-07-12,Applied
469,148,33,31,12,2025-08-02,Applied
470,156,41,36,24,2024-11-05,Interviewing
471,41,30,7,12,2025-01-12,Interviewing
472,280,4,40,16,2025-03-21,Applied
473,241,30,32,23,2025-07-02,Interviewing
474,47,21,27,25,2025-03-21,Applied
475,209,18,35,13,2025-10-22,Applied
476,121,28,44,18,2024-04-18,Offered
477,169,16,9,21,2024-10-17,Rejected
478,17,9,9,11,2024-07-02,Offered
479,203,5,21,3,2024-09-13,Applied
480,162,26,3,9,2026-01-21,Interviewing
481,50,28,44,1,2025-11-29,Hired
482,74,29,60,2,2024-04-28,Applied
483,184,13,52,23,2025-03-28,Applied
484,118,12,20,7,2025-12-24,Applied
485,128,48,23,21,2025-03-12,Hired
486,248,1,48,7,2025-03-06,Rejected
487,11,22,48,2,2026-01-13,Hired
488,42,30,32,7,2026-01-21,Applied
489,190,26,33,19,2024-08-13,Interviewing
490,154,35,17,6,2024-09-05,Interviewing
491,112,44,44,18,2025-03-06,Applied
492,282,11,2,18,2026-03-15,Interviewing
493,116,41,15,15,2025-02-06,Offered
494,135,24,35,16,2025-03-10,Offered
495,94,5,2,3,2024-09-17,Rejected
496,221,25,8,24,2026-04-09,Interviewing
497,213,49,3,20,2024-07-11,Hired
498,291,2,37,3,2024-12-25,Hired
499,13,20,19,23,2025-11-02,Offered
500,132,40,2,23,2025-10-22,Rejected
501,100,1,6,10,2025-04-13,Applied
502,32,25,54,16,2024-08-04,Applied
503,287,10,53,20,2024-12-22,Hired
504,3,9,35,5,2025-09-21,Applied
505,149,42,26,7,2025-10-01,Interviewing
506,33,18,19,24,2024-05-21,Applied
507,267,12,46,12,2026-01-27,Applied
508,248,41,58,10,2025-06-13,Offered
509,295,29,3,6,2025-01-03,Offered
510,211,43,35,20,2024-12-15,Hired
511,225,23,39,19,2025-10-14,Interviewing
512,171,30,26,21,2025-01-08,Hired
513,108,9,36,4,2024-10-13,Hired
514,271,26,13,21,2025-06-30,Applied
515,220,35,54,2,2024-06-05,Offered
516,255,10,9,14,2025-11-08,Interviewing
517,140,50,6,19,2024-04-20,Hired
518,200,7,57,8,2025-03-09,Interviewing
519,277,40,6,24,2025-05-01,Hired
520,106,9,32,23,2024-12-19,Applied
521,167,28,38,11,2025-07-21,Hired
522,300,44,34,25,2025-01-19,Offered
523,38,45,23,1,2024-09-24,Interviewing
524,197,30,3,17,2025-02-18,Rejected
525,54,26,30,1,2025-12-29,Applied
526,115,21,53,10,2026-02-28,Offered
527,108,49,44,4,2026-01-20,Rejected
528,186,49,42,5,2024-04-28,Offered
529,212,15,10,14,2025-09-15,Applied
530,75,41,55,8,2025-09-09,Rejected
531,221,31,55,19,2024-06-20,Rejected
532,61,2,6,11,2025-01-11,Rejected
533,33,11,20,12,2024-09-01,Offered
534,203,25,24,3,2026-01-27,Rejected
535,62,12,32,8,2025-02-02,Rejected
536,219,6,18,16,2025-11-02,Rejected
537,279,36,50,15,2025-06-08,Applied
538,60,45,30,25,2026-03-23,Hired
539,31,15,21,7,2025-12-04,Applied
540,184,13,20,2,2024-11-26,Offered
541,124,40,59,11,2024-06-02,Interviewing
542,121,30,21,12,2024-12-10,Offered
543,111,31,39,14,2026-01-17,Applied
544,300,24,6,21,2024-04-16,Hired
545,178,1,37,25,2024-12-26,Hired
546,84,5,37,8,2025-05-03,Interviewing
547,152,39,50,2,2024-08-08,Hired
548,28,19,57,23,2025-01-27,Interviewing
549,201,43,26,8,2025-04-09,Rejected
550,151,40,45,13,2025-04-11,Hired
551,172,25,32,24,2024-10-31,Hired
552,194,38,29,25,2025-05-25,Rejected
553,282,3,6,6,2024-08-25,Rejected
554,183,33,46,20,2025-02-01,Rejected
555,225,38,3,18,2025-02-12,Hired
556,199,43,38,14,2025-02-20,Applied
557,218,5,7,11,2025-10-14,Hired
558,271,40,54,6,2025-02-15,Offered
559,179,25,38,22,2025-12-25,Offered
560,176,39,29,15,2024-08-04,Interviewing
561,104,42,19,22,2025-08-27,Hired
562,275,9,20,3,2025-01-22,Hired
563,125,36,36,12,2024-06-22,Rejected
564,157,11,45,4,2025-07-23,Applied
565,153,23,25,2,2024-11-19,Rejected
566,45,18,27,1,2025-07-04,Rejected
567,27,44,35,20,2025-10-18,Offered
568,187,7,42,6,2025-01-06,Offered
569,257,26,17,2,2026-04-09,Rejected
570,246,22,51,3,2025-07-12,Offered
571,68,41,19,8,2024-09-28,Rejected
572,19,1,50,18,2025-12-15,Interviewing
573,105,20,1,12,2024-06-21,Hired
574,208,7,22,20,2025-05-20,Interviewing
575,180,49,24,23,2025-08-29,Offered
576,293,29,51,10,2025-07-08,Applied
577,84,25,15,8,2024-11-02,Interviewing
578,172,11,2,18,2025-12-31,Offered
579,80,16,5,24,2025-07-05,Interviewing
580,89,1,6,18,2025-07-11,Hired
581,69,11,32,11,2024-07-06,Rejected
582,25,11,34,14,2025-07-09,Offered
583,133,4,53,22,2025-06-09,Offered
584,150,47,34,24,2024-05-03,Offered
585,200,44,48,17,2025-03-02,Rejected
586,241,15,59,7,2025-12-09,Applied
587,11,32,25,23,2025-04-21,Rejected
588,36,37,13,16,2025-12-15,Offered
589,122,50,35,20,2025-05-24,Interviewing
590,29,39,9,14,2025-04-06,Hired
591,224,42,56,2,2024-10-27,Offered
592,108,13,14,14,2024-07-14,Rejected
593,225,37,15,13,2024-07-02,Rejected
594,187,29,7,16,2025-03-27,Hired
595,46,24,46,7,2025-11-21,Interviewing
596,244,21,6,1,2024-04-16,Offered
597,106,10,39,10,2024-11-02,Hired
598,229,31,14,22,2024-09-13,Interviewing
599,205,31,1,7,2026-01-11,Interviewing
600,239,40,41,25,2025-07-21,Interviewing
601,175,44,21,5,2025-10-10,Hired
602,144,34,18,13,2025-11-22,Applied
603,52,2,32,4,2024-07-11,Hired
604,70,34,38,11,2024-08-20,Hired
605,140,1,39,3,2024-09-23,Hired
606,288,36,39,8,2024-06-14,Offered
607,25,29,28,25,2024-07-18,Applied
608,203,22,14,12,2025-09-09,Hired
609,166,31,16,6,2026-02-12,Hired
610,153,50,23,1,2024-04-20,Rejected
611,7,49,42,7,2025-11-18,Interviewing
612,213,18,16,14,2025-10-01,Rejected
613,24,44,19,5,2024-09-19,Hired
614,103,20,5,10,2024-11-17,Applied
615,21,25,15,12,2025-10-13,Applied
616,12,42,49,20,2025-07-02,Rejected
617,255,30,59,18,2025-04-26,Applied
618,84,30,16,14,2024-12-16,Rejected
619,149,19,35,1,2025-09-23,Applied
620,226,14,8,11,2024-07-17,Applied
621,62,2,60,21,2024-11-30,Interviewing
622,110,35,2,8,2024-08-24,Rejected
623,3,6,18,12,2024-12-26,Hired
624,99,40,45,23,2025-05-24,Hired
625,153,41,1,1,2025-02-22,Offered
626,274,25,40,1,2025-10-18,Offered
627,290,29,40,1,2026-02-22,Hired
628,211,14,38,16,2025-04-17,Hired
629,283,35,55,19,2024-07-12,Rejected
630,248,22,41,13,2025-06-24,Hired
631,272,36,4,23,2024-05-29,Interviewing
632,5,7,8,14,2024-12-19,Applied
633,68,34,37,21,2024-09-16,Offered
634,84,39,3,8,2026-02-12,Interviewing
635,151,47,60,15,2025-02-27,Interviewing
636,238,27,20,8,2026-02-13,Interviewing
637,100,3,27,16,2026-03-12,Hired
638,205,18,11,17,2024-12-21,Applied
639,173,20,41,16,2025-11-12,Hired
640,190,15,30,24,2025-12-26,Rejected
641,289,40,59,23,2024-08-21,Hired
642,92,44,35,21,2025-05-10,Offered
643,292,11,35,19,2024-05-21,Interviewing
644,123,47,38,19,2025-06-01,Offered
645,236,28,28,24,2026-04-15,Interviewing
646,63,4,24,24,2024-04-29,Applied
647,254,48,7,10,2024-04-25,Interviewing
648,146,12,50,25,2025-04-25,Offered
649,58,22,21,22,2025-11-01,Applied
650,17,50,25,20,2026-02-19,Offered
651,84,7,25,11,2026-02-09,Interviewing
652,86,47,4,25,2024-08-20,Rejected
653,165,27,44,12,2024-09-12,Offered
654,18,30,52,24,2024-08-17,Applied
655,116,25,10,6,2025-03-20,Offered
656,158,20,23,9,2024-10-19,Offered
657,230,28,37,19,2025-01-28,Offered
658,73,11,33,22,2024-11-10,Hired
659,55,12,16,10,2025-11-22,Offered
660,15,35,24,3,2024-04-19,Offered
661,199,15,2,7,2024-10-21,Interviewing
662,172,35,27,8,2025-12-12,Offered
663,4,13,8,15,2024-09-10,Applied
664,158,38,41,24,2025-02-15,Offered
665,137,11,11,13,2025-02-17,Offered
666,55,31,48,14,2025-10-29,Interviewing
667,200,31,28,11,2024-11-07,Interviewing
668,188,36,38,22,2025-10-09,Hired
669,194,46,23,11,2025-11-28,Applied
670,56,29,39,17,2026-04-16,Applied
671,26,34,44,17,2024-08-22,Applied
672,259,19,29,14,2025-04-30,Offered
673,217,25,15,1,2025-12-30,Rejected
674,256,21,19,8,2026-03-14,Rejected
675,15,45,51,23,2025-08-03,Hired
676,137,20,35,10,2025-06-30,Offered
677,116,2,39,6,2025-05-28,Rejected
678,183,18,30,10,2025-04-30,Hired
679,89,23,46,21,2026-03-31,Hired
680,83,29,15,10,2025-07-27,Rejected
681,128,36,20,24,2024-04-27,Applied
682,102,30,6,18,2026-04-03,Rejected
683,237,25,51,2,2024-09-05,Offered
684,180,1,15,22,2024-12-23,Hired
685,239,7,4,5,2024-06-04,Offered
686,114,21,32,4,2024-12-10,Interviewing
687,264,29,55,9,2024-07-05,Hired
688,18,4,14,15,2025-07-16,Interviewing
689,87,37,25,21,2024-09-19,Offered
690,174,13,47,20,2024-06-16,Applied
691,189,12,5,20,2025-09-08,Applied
692,44,42,58,20,2024-11-07,Applied
693,97,15,20,23,2024-06-25,Rejected
694,138,19,37,3,2026-02-20,Hired
695,11,46,28,24,2024-08-10,Applied
696,159,32,18,11,2025-08-06,Rejected
697,214,24,26,8,2025-05-06,Applied
698,125,22,28,24,2024-11-07,Hired
699,13,46,24,9,2025-10-18,Rejected
700,253,7,13,19,2024-12-04,Interviewing
701,210,32,58,23,2025-05-28,Offered
702,130,18,42,19,2024-10-13,Interviewing
703,167,28,15,9,2024-06-02,Hired
704,276,24,21,14,2024-09-08,Applied
705,172,31,44,5,2025-01-10,Hired
706,269,29,46,17,2025-07-02,Hired
707,200,23,13,13,2025-06-12,Applied
708,40,10,10,6,2025-01-16,Interviewing
709,258,4,21,17,2025-02-03,Offered
710,16,31,54,16,2026-01-22,Applied
711,213,9,52,1,2025-10-02,Rejected
712,208,39,8,6,2026-01-19,Rejected
713,4,39,30,21,2024-07-22,Offered
714,86,17,18,8,2025-12-04,Rejected
715,101,5,36,21,2024-04-18,Interviewing
716,232,11,33,4,2026-02-20,Applied
717,299,20,16,16,2024-10-30,Interviewing
718,158,46,60,14,2025-12-10,Rejected
719,112,42,57,10,2024-11-16,Offered
720,75,5,34,4,2024-06-21,Applied
721,259,45,25,7,2025-04-25,Interviewing
722,185,37,27,22,2025-07-13,Offered
723,13,43,49,3,2026-02-12,Offered
724,15,34,12,22,2025-02-14,Offered
725,168,30,13,3,2025-03-09,Interviewing
726,199,12,55,3,2025-12-01,Hired
727,219,48,34,2,2025-02-21,Offered
728,254,10,51,2,2024-05-15,Interviewing
729,2,29,11,4,2025-12-23,Hired
730,251,14,27,17,2024-07-30,Hired
731,215,14,34,14,2025-12-11,Offered
732,51,24,59,2,2024-10-05,Interviewing
733,82,32,34,23,2025-10-31,Interviewing
734,256,9,22,19,2025-01-01,Offered
735,6,44,43,2,2026-03-19,Hired
736,176,13,57,22,2025-11-11,Applied
737,14,49,48,12,2024-07-24,Applied
738,88,32,50,23,2024-07-19,Interviewing
739,25,22,33,10,2025-10-27,Offered
740,277,4,14,2,2025-04-12,Rejected
741,127,40,53,25,2025-01-07,Rejected
742,268,37,1,24,2024-11-02,Interviewing
743,61,38,49,15,2025-12-04,Rejected
744,275,41,29,19,2025-02-05,Hired
745,73,41,34,19,2024-09-18,Offered
746,40,46,4,24,2024-05-24,Offered
747,19,15,3,12,2024-10-28,Rejected
748,39,43,38,15,2025-02-02,Hired
749,62,20,59,7,2025-10-21,Applied
750,105,1,44,22,2024-04-29,Offered
751,212,22,17,19,2024-10-04,Interviewing
752,62,30,27,25,2025-03-22,Hired
753,268,28,52,23,2025-07-05,Offered
754,250,48,38,12,2024-04-25,Applied
755,72,37,8,3,2025-05-16,Interviewing
756,39,48,56,14,2025-01-21,Hired
757,108,20,60,5,2025-01-06,Applied
758,82,3,25,18,2024-11-30,Applied
759,294,3,43,4,2025-12-01,Offered
760,68,15,4,14,2024-07-20,Applied
761,147,27,4,21,2026-01-30,Interviewing
762,57,4,34,15,2025-05-23,Rejected
763,39,43,24,2,2025-11-22,Rejected
764,87,23,34,21,2025-09-12,Offered
765,114,5,31,15,2024-04-20,Applied
766,99,14,3,11,2025-02-05,Applied
767,85,36,8,1,2026-03-07,Rejected
768,161,21,48,4,2026-02-24,Rejected
769,129,24,17,14,2026-02-06,Rejected
770,138,40,25,5,2026-04-06,Applied
771,224,7,40,22,2024-05-29,Hired
772,236,32,46,13,2025-09-28,Offered
773,117,46,48,16,2024-04-30,Hired
774,13,34,40,24,2025-06-30,Applied
775,205,36,24,18,2024-05-05,Interviewing
776,124,3,10,12,2025-02-12,Rejected
777,39,38,33,22,2024-06-13,Rejected
778,4,12,45,1,2025-06-01,Rejected
779,108,48,27,25,2024-07-06,Rejected
780,47,2,8,18,2026-01-16,Offered
781,76,24,39,15,2025-07-08,Offered
782,84,47,24,25,2026-01-04,Offered
783,223,18,35,19,2025-05-09,Interviewing
784,210,23,21,11,2025-01-02,Interviewing
785,48,43,40,12,2024-10-06,Applied
786,226,17,60,16,2024-10-31,Rejected
787,156,20,36,4,2025-07-14,Applied
788,284,21,27,7,2025-12-03,Hired
789,118,35,16,11,2025-12-31,Applied
790,88,41,23,23,2025-09-13,Interviewing
791,108,4,36,21,2025-02-19,Interviewing
792,143,47,31,11,2026-02-24,Rejected
793,69,27,53,20,2025-11-02,Interviewing
794,96,50,10,4,2024-10-30,Interviewing
795,212,12,16,15,2025-02-21,Applied
796,126,32,39,9,2024-10-03,Offered
797,173,48,51,2,2026-04-06,Hired
798,177,24,47,10,2024-04-29,Applied
799,278,20,11,24,2025-02-28,Offered
800,239,27,49,8,2025-01-12,Interviewing
801,288,46,56,23,2025-01-27,Interviewing
802,278,32,54,15,2025-03-23,Applied
803,102,20,34,16,2024-07-03,Rejected
804,297,8,18,17,2024-12-14,Rejected
805,181,29,35,8,2024-10-29,Applied
806,126,18,34,11,2025-01-04,Hired
807,205,8,53,20,2026-02-20,Offered
808,79,11,12,11,2025-03-31,Interviewing
809,222,27,45,15,2025-12-25,Applied
810,152,5,49,8,2026-01-23,Interviewing
811,21,30,44,8,2024-11-27,Applied
812,184,42,26,21,2024-09-11,Applied
813,278,37,18,13,2025-12-11,Hired
814,257,37,37,12,2025-12-20,Offered
815,122,21,21,1,2025-06-13,Applied
816,70,45,19,3,2025-07-07,Rejected
817,92,12,5,11,2026-03-15,Hired
818,298,21,17,2,2025-12-12,Offered
819,135,14,26,22,2025-07-04,Offered
820,120,40,1,16,2024-04-24,Offered
821,43,10,11,9,2024-12-27,Hired
822,152,22,5,18,2024-11-14,Offered
823,266,48,60,10,2025-08-07,Hired
824,266,49,45,1,2025-03-10,Hired
825,96,5,6,17,2025-05-25,Offered
826,107,22,46,3,2025-03-30,Offered
827,118,31,32,8,2024-11-12,Hired
828,44,29,32,11,2025-06-22,Rejected
829,185,38,26,23,2025-05-09,Interviewing
830,175,37,60,4,2025-09-17,Interviewing
831,223,50,52,4,2025-09-09,Interviewing
832,45,8,48,4,2024-07-23,Interviewing
833,297,25,57,12,2025-07-18,Interviewing
834,300,39,55,10,2024-05-29,Offered
835,35,33,41,18,2025-11-16,Hired
836,93,9,20,9,2025-06-04,Hired
837,21,40,44,7,2025-01-24,Applied
838,218,6,45,17,2025-06-13,Interviewing
839,124,43,16,10,2024-05-15,Offered
840,196,41,56,24,2025-02-03,Applied
841,28,6,38,10,2026-02-14,Hired
842,180,29,29,25,2025-01-11,Offered
843,264,9,19,21,2026-03-03,Interviewing
844,263,36,6,13,2026-02-16,Rejected
845,97,30,45,5,2025-09-10,Interviewing
846,70,11,32,12,2024-11-05,Applied
847,255,34,6,14,2024-12-09,Applied
848,95,3,35,19,2024-08-07,Offered
849,64,47,45,4,2025-10-15,Interviewing
850,83,37,56,9,2025-09-04,Applied
851,201,26,34,4,2025-11-06,Interviewing
852,142,44,39,10,2025-07-16,Rejected
853,253,30,46,11,2024-12-14,Hired
854,23,16,33,11,2024-10-10,Rejected
855,141,4,18,17,2025-10-13,Rejected
856,148,31,22,25,2024-12-04,Applied
857,200,33,56,11,2024-11-10,Applied
858,239,6,30,6,2025-03-04,Rejected
859,268,44,14,24,2024-05-13,Rejected
860,246,34,35,8,2026-01-12,Applied
861,193,2,17,25,2025-08-30,Offered
862,262,19,11,10,2025-07-26,Hired
863,192,13,22,5,2025-03-05,Offered
864,201,24,29,7,2025-04-13,Applied
865,12,22,12,14,2024-07-24,Rejected
866,253,42,60,15,2025-07-22,Offered
867,73,30,14,2,2024-07-31,Applied
868,294,9,8,23,2025-06-20,Rejected
869,266,50,7,20,2025-01-31,Rejected
870,244,36,55,25,2026-02-09,Rejected
871,243,3,18,25,2025-04-04,Hired
872,278,17,47,7,2024-12-09,Interviewing
873,264,21,29,21,2026-03-12,Hired
874,20,29,52,11,2025-07-08,Rejected
875,286,14,44,10,2026-04-04,Rejected
876,96,35,41,7,2025-10-06,Applied
877,213,16,26,21,2025-09-14,Offered
878,242,41,21,10,2024-10-14,Offered
879,112,39,21,19,2025-02-04,Applied
880,67,37,22,6,2024-11-22,Rejected
881,23,16,47,24,2024-05-29,Rejected
882,260,12,3,7,2025-10-17,Offered
883,225,18,31,8,2025-10-03,Hired
884,212,22,40,25,2026-03-27,Offered
885,257,30,10,20,2024-11-18,Interviewing
886,80,33,55,19,2024-12-12,Hired
887,236,18,35,24,2024-09-02,Offered
888,104,49,45,23,2025-12-21,Offered
889,229,11,34,20,2025-10-03,Rejected
890,37,5,60,12,2025-07-27,Rejected
891,146,24,30,2,2025-02-04,Hired
892,106,40,10,23,2025-06-12,Rejected
893,253,44,6,24,2024-09-22,Hired
894,35,48,12,11,2026-03-25,Interviewing
895,62,41,2,22,2025-01-15,Interviewing
896,113,28,1,20,2026-03-30,Rejected
897,168,27,53,17,2024-06-03,Offered
898,222,28,8,19,2024-08-16,Hired
899,181,45,57,2,2026-02-01,Rejected
900,63,49,39,1,2025-07-29,Hired
901,99,38,28,25,2025-01-17,Interviewing
902,210,29,47,5,2024-10-15,Applied
903,205,39,57,6,2024-06-03,Hired
904,203,36,49,4,2025-11-23,Rejected
905,277,38,10,25,2025-04-22,Applied
906,211,33,8,23,2024-12-15,Applied
907,200,16,24,12,2025-01-06,Rejected
908,33,38,44,22,2024-06-08,Offered
909,289,30,50,20,2024-08-08,Rejected
910,40,50,56,23,2025-05-27,Rejected
911,77,17,37,4,2024-04-18,Applied
912,139,21,40,1,2025-02-07,Hired
913,184,3,9,20,2025-10-29,Offered
914,66,22,26,15,2025-12-03,Hired
915,122,32,49,10,2025-12-31,Applied
916,160,37,12,1,2024-04-26,Offered
917,159,14,13,13,2025-08-03,Offered
918,292,49,33,11,2026-01-14,Rejected
919,77,4,10,6,2026-01-13,Applied
920,41,50,28,21,2025-03-05,Applied
921,213,16,13,8,2024-09-11,Interviewing
922,91,23,37,18,2024-09-25,Rejected
923,240,35,38,8,2024-12-14,Applied
924,99,22,3,5,2025-06-14,Applied
925,259,21,3,14,2024-12-29,Interviewing
926,262,14,43,23,2024-07-12,Interviewing
927,41,31,4,24,2024-04-19,Applied
928,201,44,31,12,2024-07-14,Offered
929,223,8,25,4,2025-03-12,Offered
930,271,26,21,14,2025-10-04,Interviewing
931,144,14,11,19,2025-09-11,Rejected
932,221,8,40,2,2024-06-26,Hired
933,103,34,18,22,2024-10-10,Interviewing
934,275,37,2,23,2025-09-27,Applied
935,291,10,36,11,2025-12-05,Offered
936,59,17,8,16,2025-12-20,Rejected
937,113,42,42,3,2025-04-27,Rejected
938,7,36,25,2,2025-09-25,Rejected
939,27,28,38,3,2024-06-19,Interviewing
940,109,18,24,24,2025-08-15,Hired
941,281,36,29,17,2025-02-08,Offered
942,227,4,23,1,2025-12-11,Hired
943,50,39,56,21,2026-02-28,Offered
944,46,13,6,10,2025-10-11,Offered
945,199,4,6,7,2024-05-01,Rejected
946,48,16,35,10,2025-12-12,Rejected
947,254,22,6,18,2025-06-07,Interviewing
948,7,6,33,8,2024-07-20,Applied
949,261,18,12,16,2025-03-02,Offered
950,212,14,17,8,2025-11-25,Rejected
951,169,12,53,18,2025-03-05,Rejected
952,47,18,37,15,2024-09-03,Rejected
953,96,13,8,5,2024-10-28,Applied
954,206,35,30,23,2026-01-25,Rejected
955,66,23,26,19,2025-09-04,Hired
956,186,2,42,17,2025-11-24,Applied
957,146,40,20,14,2025-02-02,Interviewing
958,159,19,38,24,2025-07-10,Rejected
959,78,6,58,9,2025-02-06,Rejected
960,284,28,33,9,2024-08-09,Applied
961,188,27,3,18,2026-01-14,Hired
962,56,20,55,4,2025-09-24,Rejected
963,111,10,36,5,2024-09-27,Applied
964,193,33,27,6,2025-12-02,Applied
965,262,30,10,13,2025-01-19,Interviewing
966,178,36,4,7,2025-12-09,Interviewing
967,274,9,23,3,2025-01-04,Hired
968,77,26,38,24,2025-04-23,Applied
969,140,29,25,11,2025-01-26,Rejected
970,144,3,37,20,2025-11-07,Interviewing
971,128,12,36,6,2024-07-17,Offered
972,41,18,7,13,2025-07-20,Interviewing
973,161,16,8,17,2024-09-14,Offered
974,298,46,23,5,2026-01-03,Hired
975,294,9,29,16,2025-11-27,Hired
976,221,36,16,6,2024-05-08,Offered
977,63,37,37,25,2025-01-06,Applied
978,111,7,9,7,2024-06-12,Offered
979,237,49,57,3,2024-09-24,Offered
980,294,38,15,23,2025-05-31,Applied
981,107,45,9,22,2026-01-10,Rejected
982,38,41,38,16,2025-02-15,Hired
983,47,18,40,3,2025-12-06,Interviewing
984,25,46,15,25,2024-06-03,Interviewing
985,44,46,5,11,2026-01-15,Offered
986,143,2,30,24,2025-01-13,Offered
987,256,24,9,13,2024-09-04,Offered
988,56,36,29,4,2025-10-19,Applied
989,11,32,25,24,2024-09-20,Rejected
990,146,41,38,14,2025-05-24,Interviewing
991,257,48,58,16,2025-11-03,Applied
992,72,14,53,23,2026-03-13,Hired
993,41,3,45,3,2025-05-29,Applied
994,151,18,10,7,2026-03-28,Rejected
995,243,33,8,11,2024-10-01,Rejected
996,68,17,14,9,2024-10-04,Interviewing
997,108,44,10,23,2024-11-05,Rejected
998,85,40,40,23,2024-07-24,Rejected
999,87,48,20,23,2025-05-07,Hired
1000,114,29,58,1,2024-05-03,Hired
